.,Index,Name,Tree,Description,Tier,Tree req,Max,Cost,Effect,Value,Units,Exclusion
,111,Aggression,Predator,"It’s possible to deliberately stoke the fires of Violence in Kami by traumatizing them in a very specific set of ways. ",1,0,5,1,SVS,1,Stat,
,112,Grit,Predator,Refusal to die is a healthy trait.,1,0,5,1,SHS,10,Stat,
,113,Mercenary,Predator,"""Why not make some money while we’re at it?”",1,0,5,1,ASR,0.02,Percent,
,121,Professional,Predator,A true professional understands how to play to their strengths.,2,5,5,1,ATR,0.05,Percent,
,122,Cruelty,Predator,"Baby shark, doo-doo, doo-doo, doo-doo.",2,5,5,1,ATS,0.02,Percent,
,123,Sniper,Predator,Careful assessment can allow a Kami to move into a Node more quickly. A product of experience…,2,5,5,1,CS,-10,Seconds,
,131,Warmonger,Predator,"More fighting, more violence, more fighting, more violence. ",3,15,1,1,SVS,3,Stat,"132, 133"
,132,Vampire,Predator,"Edward Kamin, but sexier…",3,15,1,1,DSR,0.06,Percent,"131, 133"
,133,Bandit,Predator,It isn’t so much a profession as it is a way of life.,3,15,1,1,ASR,0.06,Percent,"131, 132"
,141,Hungry,Predator,"You just want it more. ",4,20,5,1,SPS,1,Stat,
,142,Brutality,Predator,"Sheer will-to-hurt continues to go a long way. ",4,20,5,1,ATS,0.02,Percent,
,143,Marksman,Predator,"Though the craft has evolved with its medium, swift killing remains a cherished art form.",4,20,5,1,CS,-10,Seconds,
,151,Specialist,Predator,Some Kami are particularly talented at preying on the weaknesses of others. They’re just like human beings in that way.,5,30,5,1,ATR,0.05,Percent,
,152,First Aid,Predator,"Your Kami is always ready to bandage up in case of a counter-liquidation…. Meaning they can hold on to a little more musu. ",5,30,5,1,DSR,0.02,Percent,
,153,Bounty Hunter,Predator,"Your Kami is really, really good at milking all possible profit from their targets. ",5,30,5,1,ASR,0.02,Percent,
,161,Warlord,Predator,"A paragon of pure aggression. This Kamigotchi will overpower almost any other when it comes to raw strength. ",6,40,1,1,SVS,5,Stat,"162, 163"
,162,Lethality,Predator,"Liquidating a Kamigotchi requires a certain firmness of intent. This is that kind of intent. ",6,40,1,1,ATS,0.1,Percent,"161, 163"
,163,Assassin,Predator,"A fully-trained Assassin can enter a node almost instantly. The complacent should live in fear.  ",6,40,1,1,CS,-50,Seconds,"161, 162"
,211,Self Care,Enlightened,Did you drink water today? Please drink water.,1,0,5,1,RMB,0.05,Percent,
,212,Cardio,Enlightened,"While Kamigotchi aren’t exactly material beings, regular exercise has been proven to improve their stamina. We’re not sure why.",1,0,5,1,SHS,10,Stat,
,213,Good Constitution,Enlightened,"Some texts from the old world refer to a similar concept, roughly translated as “breedability.”",1,0,5,1,HFB,0.06,Percent,
,221,Focus,Enlightened,"It’s important to focus one’s mind on the bags. ",2,5,5,1,HBB,0.04,Percent,
,222,Meditative Breathing,Enlightened,"The Buteyko method emphasizes the importance of nasal breathing, which protects the airways by humidifying, warming, and cleaning the air entering the lungs.",2,5,5,1,DTS,0.02,Percent,
,223,Concentration,Enlightened,"With enough concentration Kamigotchi can stave off their own death if only for a bit longer. ",2,5,5,1,SB,-0.025,Percent,
,231,Sleep Hygiene,Enlightened,An element of self care. Investing in it is known to help recover one’s energy levels and physical health.,3,15,1,1,RMB,0.15,Percent,"232, 233"
,232,Warmup Exercise,Enlightened,Even a light warmup can offer a significant edge in physically intensive activities.,3,15,1,1,HIB,15,MUSU/hr,"231, 233"
,233,Advanced Mewing,Enlightened,Your jawline never looked so good.,3,15,1,1,HFB,0.18,Percent,"231, 232"
,241,Momentum,Enlightened,One does not simply achieve higher states of mind. Only after struggle and release.,4,20,5,1,HBB,0.04,Percent,
,242,Therapy,Enlightened,"Or, for boys, why not blast your music while going 120mph on the highway? You don’t need this.",4,20,5,1,DTS,0.02,Percent,
,243,Endurance,Enlightened,"Like many of life’s trials, Musu harvesting is often more of a marathon than a sprint.",4,20,5,1,SB,-0.025,Percent,
,251,Regeneration,Enlightened,Wolverine can do it. Starfish and salamanders can too. Stop saying “can’t” you pathetic nugget.,5,30,5,1,RMB,0.05,Percent,
,252,Workout Routine,Enlightened,5 day split for the Serious builders.,5,30,5,1,HIB,5,MUSU/hr,
,253,Productivity,Enlightened,"You get things done. ",5,30,5,1,HFB,0.06,Percent,
,261,Wu Wei,Enlightened,"Mastery of action-without-action allows you to make a little more money, with no effort. Not bad. ",6,40,1,1,HBB,0.2,Percent,"262, 263"
,262,Spin Class,Enlightened,"Cardio for the hardcore. ",6,40,1,1,SHS,50,Stat,"261, 262"
,263,Immortality,Enlightened,In the same way that gliding is flying.,6,40,1,1,SB,-0.125,Percent,"261, 262"
,311,Defensiveness,Guardian,Training a Kamigotchi in a certain degree of closed-mindedness can help to maintain inner peace.,1,0,5,1,SYS,1,Stat,
,312,Toughness,Guardian,Without any milk.,1,0,5,1,SHS,10,Stat,
,313,Patience,Guardian,Your Kamigotchi believes the virtuous should be rewarded.,1,0,5,1,HIB,5,MUSU/hr,
,321,Meticulous,Guardian,"When preparing for the worst, the details matter.",2,5,5,1,DTR,0.05,Percent,
,322,Vigor,Guardian,"All forms, especially libido, are a sign of good health.",2,5,5,1,SHS,10,Stat,
,323,Armor,Guardian,Hard body. Battle tested. Able-to-take-a-beating kinda Kami.,2,5,5,1,DTS,0.02,Percent,
,331,Anxiety,Guardian,aaaaAAAAaaaAaAAaAaaaaa,3,15,1,1,SYS,3,Stat,"332, 333"
,332,Die Hard,Guardian,"Survival is one thing, but another is knowing how to die effectively. ",3,15,1,1,SB,-0.075,Percent,"331, 333"
,333,Loyalty,Guardian,bark bark arf grrr awoof awooo,3,15,1,1,HIB,15,MUSU/hr,"331, 332"
,341,Flawless,Guardian,They don’t want you to know your Kami can just wake up like this.,4,20,5,1,DTR,0.05,Percent,
,342,Dedication,Guardian,"Your Kami shows up 5 minutes early to literally everything. ",4,20,5,1,HIB,5,MUSU/hr,
,343,Shielding,Guardian,Back in my day this used to cost 30 tree branches and 50 firewood.,4,20,5,1,DTS,0.02,Percent,
,351,Powerhouse,Guardian,"All that intensive physical training has built up some Violence… ",5,30,5,1,SVS,1,Stat,
,352,Hefty,Guardian,"Raw physical mass can be a form of talent, too. ",5,30,5,1,SHS,10,Stat,
,353,Fortress,Guardian,"Unbreakable. ",5,30,5,1,DTS,0.02,Percent,
,361,Neurosis,Guardian,“Not a radical loss of touch with reality.”,6,40,1,1,SYS,5,Stat,"362, 363"
,362,Undying,Guardian,"Your Kami gets every single ounce of juice from their Health points. ",6,40,1,1,SB,-0.125,Percent,"361, 363"
,363,Obsession,Guardian,Compulsive and intrusive. But hardly a disorder.,6,40,1,1,HIB,25,MUSU/hr,"361, 362"
,411,Acquisitiveness,Harvester,The children long for the mines…,1,0,5,1,SPS,1,Stat,
,412,Mogging,Harvester,"Good fashion choices can be the first step on the road to massively outsized gains. ",1,0,5,1,SHS,10,Stat,
,413,Greed,Harvester,Your Kami just want it more.,1,0,5,1,HBB,0.04,Percent,
,421,Wide Portfolio,Harvester,Negatively correlated assets have proven a great way to diversify risk in your Kamigotchi’s holdings.,2,5,5,1,SB,-0.025,Percent,
,422,Side Hustles,Harvester,"Your Kamigotchi has learned to drive taxi while harvesting, increasing their MUSU gains. ",2,5,5,1,HFB,0.06,Percent,
,423,Hedging,Harvester,Go ahead. Announce your sexuality on an immutable ledger.,2,5,5,1,DSR,0.02,Percent,
,431,Technical Analysis,Harvester,"Your Kami keeps muttering about Fibonacci retracement levels. You think it may have some form of schizophrenia, but it’s making more money this way.",3,15,1,1,SPS,3,Stat,"432, 433"
,432,Daylight Savings,Harvester,Leopold II. Hideki Tojo. George Hudson.,3,15,1,1,DTS,0.06,Percent,"431, 433"
,433,Leverage,Harvester,"You know how to maximise your own use of time and energy. ",3,15,1,1,HBB,0.12,Percent,"431, 432"
,441,Opportunist,Harvester,"Sometimes, the competition just leave themselves open. ",4,20,5,1,SVS,1,Stat,
,442,Trading Courses,Harvester,Market capitalization? Enterprise value? he bit da wa?,4,20,5,1,HFB,0.06,Percent,
,443,Index Funds,Harvester,A way to inject some Harmony into the portfolio…,4,20,5,1,SYS,1,Stat,
,451,Time in the Market,Harvester,Always wins in the end.,5,30,5,1,SB,-0.025,Percent,
,452,Looping,Harvester,You know.. because looping is umm. Healthy?,5,30,5,1,SHS,10,Stat,
,453,Stimulants,Harvester,"For men destined to define eras and change history, who will be remembered for millennia to come.",5,30,5,1,HBB,0.04,Percent,
,461,Intelligent Investor,Harvester,Benjamin Graham. Jim Simons. Roaring Kitty.,6,40,1,1,SPS,5,Stat,"462, 463"
,462,Paid Groupchat,Harvester,You know it’s good. Otherwise they wouldn’t charge you.,6,40,1,1,HFB,0.3,Percent,"461, 463"
,463,Coward,Harvester,"What can we say? Are you actually going to choose this? We’re sure your parents still love you. ",6,40,1,1,DSR,0.1,Percent,"461, 462"